"AFE", "Africa Eastern and Southern",                           "",                     "",                     "",                     "",                     "",                     "",                     "",                     "",                     "",                     "",                     "",                     "",                     "",                     "",                     "",                     "",                     "",                     "",                     "",                     "",                     "",                     "",                     "",                     "",                     "",                     "",                     "",                     "",                     "",                     "",                     "0",                    "0.00173230248880555",  "0.00504080836448765",  "0.0146294941425636",   "0.0317097336371475",   "0.086496310561846",    "0.112752212160974",    "0.213192402155205",    "0.386772416959473",    "0.569512051222246",    "0.77421755469409",     "0.961552005089705",    "1.1316294433033",      "1.43039835507724",     "1.71604667481381",     "1.8055231421271",      "2.05810176814815",     "2.7732738256208",      "2.69414978147317",     "3.20741617179148",     "5.29697361379769",     "6.80275022096875",     "8.53475011696143",     "10.1269454655226",     "12.2377157932034",     "14.4858491534531",     "15.753329822739",      "17.3109868719447",     "20.0630242595526",     "22.5895907084388",     "24.9884008681592",     "27.660653781351",      "",
"AFW", "Africa Western and Central",                            "",                     "",                     "",                     "",                     "",                     "",                     "",                     "",                     "",                     "",                     "",                     "",                     "",                     "",                     "",                     "",                     "",                     "",                     "",                     "",                     "",                     "",                     "",                     "",                     "",                     "",                     "",                     "",                     "",                     "",                     "0",                    "0",                    "0",                    "0",                    "4.37347303003985E-06", "0.000132937808781358", "0.0070178877270851",   "0.0199454592058786",   "0.0356483338548163",   "0.0865832729233697",   "0.139444898636359",    "0.21015312440225",     "0.412121735356163",    "0.657937928967395",    "1.17631825716585",     "2.32241581377363",     "3.45834089338183",     "4.23339885847179",     "4.98553994993049",     "5.80373621795227",     "7.24253015229823",     "8.66493595574041",     "10.2936544981934",     "12.5777557951493",     "14.923440708625",      "18.1094850427716",     "22.8697496052977",     "27.0812193846418",     "32.0893370172076",     "35.2764479325331",     "41.7498190724143",     "46.9904973070537",     "",
"ARB", "Arab World"                                            ,"",                     "",                     "",                     "",                     "",                     "",                     "",                     "",                     "",                     "",                     "",                     "",                     "",                     "",                     "",                     "",                     "",                     "",                     "",                     "",                     "",                     "",                     "",                     "",                     "",                     "",                     "",                     "",                     "",                     "",                     "0",                    "0",                    "0",                    "0.00086463419722957",  "0.00287760143451145",  "0.0146856685731192",   "0.0402727667612479",   "0.141948279814273",    "0.283811604320554",    "0.644800202411028",    "1.21705641649358",     "1.6399570540869",      "2.79782204919422",     "3.77037813690713",     "7.25012731787422",     "8.61472994617376",     "11.5893486742988",     "14.3537690407378",     "18.5565409803174",     "21.5084930715263",     "25.6809726220511",     "27.5480357963057",     "30.7954873267533",     "33.9101316977464",     "37.6559500541718",     "41.3816170535244",     "41.5291955662799",     "46.6646762508778",     "53.1981911718007",     "60.7310291575392",     "66.4403548592089",     "76.3090766510318",     "",
"CEB", "Central Europe and the Baltics",                        "",                     "",                     "",                     "",                     "",                     "",                     "",                     "",                     "",                     "",                     "",                     "",                     "",                     "",                     "",                     "",                     "",                     "",                     "",                     "",                     "",                     "",                     "",                     "",                     "",                     "",                     "",                     "",                     "",                     "",                     "0",                    "0.00212268791678814",  "0.0234971843218705",   "0.140449541495477",    "0.367720970383807",    "0.587826737869043",    "1.07002085831506",     "1.79447190881875",     "3.51458249194234",     "4.96572509041927",     "7.05543729111849",     "10.2402887077648",     "18.2645610199556",     "22.613612225965",      "29.2752073803138",     "34.7751428190142",     "40.8344016365848",     "45.3137669893418",     "50.7054902471686",     "55.1138437037061",     "58.6002660853537",     "59.1190792926196",     "61.7140262966908",     "63.4541012148942",     "66.4752221974224",     "67.3429671349962",     "71.3428544464196",     "73.4106382259526",     "75.9768506229148",     "78.7290721266809",     "81.7802404388489",     "84.7124111568503",     "86.2157207929884",
"CSS", "Caribbean small states",                                "",                     "",                     "",                     "",                     "",                     "",                     "",                     "",                     "",                     "",                     "",                     "",                     "",                     "",                     "",                     "",                     "",                     "",                     "",                     "",                     "",                     "",                     "",                     "",                     "",                     "",                     "",                     "",                     "",                     "",                     "0",                    "0",                    "0",                    "0",                    "0.0146062162632212",   "0.170904552939809",    "0.554797615341669",    "0.905159623377401",    "1.94598223850314",     "2.98136622734359",     "4.27526801295961",     "6.9650772413507",      "10.7297873765502",     "13.5802130937993",     "15.4668169704305",     "17.9976297321287",     "20.8812530892655",     "24.5358967891163",     "27.7220736914607",     "31.9215550409585",     "35.5878399306838",     "42.3522788575112",     "42.68829843264",       "45.157611799074",      "48.4690090248102",     "50.6767234779453",     "53.0423750182494",     "58.4640356067401",     "",                     "73.5996633099449",     "77.9611541668332",     "80.2735734143513",     "",
"EAP", "East Asia & Pacific (excluding high income)",           "",                     "",                     "",                     "",                     "",                     "",                     "",                     "",                     "",                     "",                     "",                     "",                     "",                     "",                     "",                     "",                     "",                     "",                     "",                     "",                     "",                     "",                     "",                     "",                     "",                     "",                     "",                     "",                     "",                     "",                     "0",                    "1.77937904392655E-06", "2.33703851790408E-05", "0.000874976450234829", "0.0036451895790446",   "0.0119204260617022",   "0.0338077118690688",   "0.094710332976236",    "0.324281152975068",    "0.85290564761046",     "1.89206827505398",     "2.77906316527428",     "4.40207398289962",     "5.75384687141817",     "6.87450148277054",     "8.31294615731524",     "10.1669418655612",     "14.3659625209233",     "19.2288455782332",     "23.7212486874798",     "28.9159054067187",     "32.3378010961006",     "35.6916864340249",     "38.257882381854",      "41.1713473674279",     "44.1188770145273",     "47.6528246167361",     "50.0569097984477",     "55.7539557312295",     "60.2234487897779",     "66.1712959784691",     "70.2886714194544",     "75.2985288954391",
"EAR", "Early-demographic dividend",                            "",                     "",                     "",                     "",                     "",                     "",                     "",                     "",                     "",                     "",                     "",                     "",                     "",                     "",                     "",                     "",                     "",                     "",                     "",                     "",                     "",                     "",                     "",                     "",                     "",                     "",                     "",                     "",                     "",                     "",                     "0.000260640455923781", "0.00100268300993308",  "0.00242608508734499",  "0.00558955545686455",  "0.0116752613824915",   "0.0409270617574541",   "0.0807981320297936",   "0.163242999183605",    "0.34241108256208",     "0.61076342499688",     "1.22864084631417",     "1.68223517666145",     "2.82617827214833",     "3.40167245788165",     "4.21604395320019",     "4.88424732460871",     "5.76282042967904",     "7.32827572615161",     "8.49037598709249",     "9.67766243615874",     "12.7905077238797",     "15.3433641912323",     "17.0745849373152",     "18.962083176027",      "21.4347535381453",     "24.4198893347292",     "27.1275171973146",     "29.8971405948173",     "32.7502176080558",     "39.5918876242934",     "48.1769402184961",     "51.9495671351715",     "",
"EAS", "East Asia & Pacific",                                   "",                     "",                     "",                     "",                     "",                     "",                     "",                     "",                     "",                     "",                     "",                     "",                     "",                     "",                     "",                     "",                     "",                     "",                     "",                     "",                     "",                     "",                     "",                     "",                     "",                     "",                     "",                     "",                     "",                     "",                     "0.00734823950366306",  "0.0151383659256689",   "0.0317650350172052",   "0.0630624390343124",   "0.109100272329644",    "0.195088682953454",    "0.471907394561889",    "1.09402129914577",     "1.90245757483111",     "3.44265071535308",     "5.63798367692007",     "7.31672738237629",     "9.06451819738841",     "10.6115698324313",     "12.6660213096383",     "14.7308561173454",     "16.6757061814561",     "20.8088442353852",     "25.2751196624669",     "29.5132515434884",     "34.2289324762407",     "37.3541291277533",     "40.4039241799915",     "43.2619699298617",     "46.0587041746942",     "48.8624168529049",     "52.2355009679837",     "54.3766973575704",     "59.4315776741681",     "63.6674336468544",     "68.9010658015501",     "72.248260524265",      "76.1363201780398",
"ECA", "Europe & Central Asia (excluding high income)",         "",                     "",                     "",                     "",                     "",                     "",                     "",                     "",                     "",                     "",                     "",                     "",                     "",                     "",                     "",                     "",                     "",                     "",                     "",                     "",                     "",                     "",                     "",                     "",                     "",                     "",                     "",                     "",                     "",                     "",                     "0",                    "0",                    "0.000278225611639976", "0.00706564121554316",  "0.0327918657110009",   "0.0848575629955409",   "0.185724699922932",    "0.354782057494208",    "0.574485807653625",    "1.0064637582031",      "1.87179008075963",     "2.77987659018968",     "4.9289376510154",      "7.19901646841153",     "10.4491075259066",     "11.8939992952503",     "14.422095640026",      "19.893802753713",      "25.3509711277993",     "32.0535892384425",     "37.5986569139357",     "43.8856835576246",     "49.6834735969349",     "52.6783857183831",     "56.7145161403676",     "58.6032633019085",     "62.4048787150776",     "66.2981281439461",     "72.7511701346646",     "76.8699098568464",     "79.8946559821196",     "83.6088342308644",     "",
"ECS", "Europe & Central Asia",                                 "",                     "",                     "",                     "",                     "",                     "",                     "",                     "",                     "",                     "",                     "",                     "",                     "",                     "",                     "",                     "",                     "",                     "",                     "",                     "",                     "",                     "",                     "",                     "",                     "",                     "",                     "",                     "",                     "",                     "",                     "0.0480308340883355",   "0.101867513050175",    "0.180602240019337",    "0.279651313439346",    "0.524234488939336",    "0.989489638618395",    "1.8340968855601",      "3.34219650806855",     "5.41187556498978",     "9.20225391496979",     "13.1269849570893",     "16.3362483570308",     "22.9568093040894",     "28.2521619505244",     "32.2374688266742",     "35.0943891993223",     "37.9808567442473",     "43.5834196582204",     "48.1393838085669",     "52.7337135137461",     "57.0336545120416",     "60.1892397510955",     "63.8728105231336",     "66.1819114590199",     "68.8333563643577",     "69.8809310797798",     "72.3127037995701",     "74.499557142523",      "78.9155582594146",     "81.2918949884948",     "83.7154126779128",     "86.5140159141463",     "88.1010298574095",
"EMU", "Euro area",                                             "",                     "",                     "",                     "",                     "",                     "",                     "",                     "",                     "",                     "",                     "",                     "",                     "",                     "",                     "",                     "",                     "",                     "",                     "",                     "",                     "",                     "",                     "",                     "",                     "",                     "",                     "",                     "",                     "",                     "",                     "0.0726351179661414",   "0.160417203915975",    "0.311488527975332",    "0.459325344738023",    "0.829143023761186",    "1.66729909592862",     "2.87856699970476",     "5.09444021365788",     "7.99792240737067",     "15.1986295142739",     "22.4740885951831",     "27.3121305264591",     "35.1013016261097",     "42.0126090048341",     "47.3736061251911",     "51.1518825534568",     "54.9147852156755",     "61.3684975847189",     "64.8579045839639",     "67.2233167712548",     "71.083958058367",      "71.9869726911287",     "74.0951705993693",     "75.8397673883295",     "77.0884578635576",     "77.4959155474625",     "77.9942346239735",     "79.6720363514538",     "83.0026189038934",     "83.401139814466",      "85.2948101641457",     "87.2919727176673",     "89.2969148863532",
"EUU", "European Union",                                        "",                     "",                     "",                     "",                     "",                     "",                     "",                     "",                     "",                     "",                     "",                     "",                     "",                     "",                     "",                     "",                     "",                     "",                     "",                     "",                     "",                     "",                     "",                     "",                     "",                     "",                     "",                     "",                     "",                     "",                     "0.0668585536740946",   "0.145456992731138",    "0.272237810035721",    "0.415227505187147",    "0.785176807045667",    "1.51438516763724",     "2.62316872089431",     "4.79962944239201",     "7.68877294472352",     "13.633009541561",      "19.6563978609869",     "24.1363027449433",     "32.1346119415683",     "38.6023062919444",     "44.1830194770041",     "48.296636850964",      "52.6079026854275",     "58.2925271018834",     "62.2982306003916",     "65.0813308072126",     "68.7339429010601",     "69.6348211328313",     "71.8285879616531",     "73.5875965192457",     "75.1709468103437",     "75.6587201893086",     "76.9099741593507",     "78.7026900523248",     "81.7418205830803",     "82.7518160253807",     "84.7698360892852",     "86.9709405997774",     "88.8507673474198",
"FCS", "Fragile and conflict affected situations",              "",                     "",                     "",                     "",                     "",                     "",                     "",                     "",                     "",                     "",                     "",                     "",                     "",                     "",                     "",                     "",                     "",                     "",                     "",                     "",                     "",                     "",                     "",                     "",                     "",                     "",                     "",                     "",                     "",                     "",                     "0",                    "0",                    "0.000501420462203968", "0.00179700396554607",  "0.00364086146701733",  "0.00975207606849956",  "0.0290520337146699",   "0.062514492723742",    "0.141760953665988",    "0.244032693601989",    "0.377039960573561",    "0.4486203475446",      "0.704178801668812",    "1.07255860136106",     "1.45508854049865",     "2.33237169747818",     "3.19367844887002",     "4.35885350043924",     "5.24593018647218",     "6.71399709816968",     "8.39779070281879",     "9.78227239169544",     "11.7886770595844",     "13.6307409034446",     "15.8278752122596",     "18.3922627201331",     "20.7278310730839",     "23.9414947447916",     "26.9774038045462",     "30.0507642882862",     "34.4256331730692",     "38.4399998197728",     "",
"HIC", "High income",                                           "",                     "",                     "",                     "",                     "",                     "",                     "",                     "",                     "",                     "",                     "",                     "",                     "",                     "",                     "",                     "",                     "",                     "",                     "",                     "",                     "",                     "",                     "",                     "",                     "",                     "",                     "",                     "",                     "",                     "",                     "0.252231105534774",    "0.40939425336054",     "0.652262051567324",    "0.930914987530317",    "1.87842545950276",     "3.53112502273968",     "6.49334760453548",     "10.2516449859142",     "15.4348771791184",     "22.2882289431908",     "29.8971352523743",     "35.8607494017376",     "44.1541172800678",     "48.8329724650583",     "54.0430496521133",     "57.8132788035124",     "60.5557885264733",     "65.920184536373",      "68.0786554956527",     "69.3932555773598",     "71.501698451701",      "72.0383931362118",     "74.7977019147034",     "76.2012435946273",     "77.8954578314778",     "79.3691617735742",     "83.7297663539817",     "85.3166481372617",     "86.9234438300146",     "88.2493515518063",     "89.4441958369981",     "90.1690025436563",     "",
"HPC", "Heavily indebted poor countries (HIPC)",                "",                     "",                     "",                     "",                     "",                     "",                     "",                     "",                     "",                     "",                     "",                     "",                     "",                     "",                     "",                     "",                     "",                     "",                     "",                     "",                     "",                     "",                     "",                     "",                     "",                     "",                     "",                     "",                     "",                     "",                     "0",                    "0",                    "0",                    "0",                    "0.000296613657184205", "0.00253041665133762",  "0.0089585611327217",   "0.0244815608325283",   "0.0447615667953897",   "0.10255838788538",     "0.166352362628798",    "0.241747305268075",    "0.397878366019733",    "0.610217895246537",    "0.900968414152609",    "1.17934642896491",     "1.50058628876907",     "2.25018331149782",     "2.21014079199186",     "2.71750272265",        "3.37818291622162",     "3.98218890162645",     "4.96572872503075",     "6.0194609894188",      "7.8852559383024",      "10.4275052998488",     "13.4651485943384",     "15.8413650779145",     "18.5419419831803",     "20.459006388263",      "24.5118439041819",     "28.4885178014036",     "",
"IBD", "IBRD only",                                             "",                     "",                     "",                     "",                     "",                     "",                     "",                     "",                     "",                     "",                     "",                     "",                     "",                     "",                     "",                     "",                     "",                     "",                     "",                     "",                     "",                     "",                     "",                     "",                     "",                     "",                     "",                     "",                     "",                     "",                     "0",                    "0.000493483490174809", "0.0023066285120113",   "0.00673928470242105",  "0.0182759250921309",   "0.050215210598968",    "0.11122144187709",     "0.219772828909465",    "0.495704095042832",    "0.97126919343045",     "1.87153107733135",     "2.69031234066362",     "4.49895814711115",     "5.77842665726955",     "7.40328727400974",     "8.7061854789498",      "10.546427390259",      "13.7529865901683",     "17.1219544429935",     "20.7145563913462",     "24.991151320072",      "28.5772702865549",     "31.5726845642939",     "34.0072157192162",     "36.3752706095318",     "39.1766658403448",     "42.0791130421578",     "44.5743604241045",     "48.4058926197209",     "54.6886320189832",     "62.4665445771803",     "65.7960623896392",     "",
"IBT", "IDA & IBRD total",                                      "",                     "",                     "",                     "",                     "",                     "",                     "",                     "",                     "",                     "",                     "",                     "",                     "",                     "",                     "",                     "",                     "",                     "",                     "",                     "",                     "",                     "",                     "",                     "",                     "",                     "",                     "",                     "",                     "",                     "",                     "0",                    "0.000394845663591017", "0.00184162124427049",  "0.00536856798423887",  "0.0145616356405852",   "0.0399964191611886",   "0.0937697294946562",   "0.180399811756634",    "0.403058603404815",    "0.780804770596441",    "1.55928525664945",     "2.18536406076434",     "3.66326558927596",     "4.77435920039702",     "6.11630351434204",     "7.22575566905944",     "8.83114572499135",     "11.4011584705288",     "14.1492919453203",     "17.0528140655198",     "20.578369716945",      "23.4501207253822",     "25.9571218731945",     "28.0726119036862",     "30.3602922839194",     "32.9963546459614",     "35.7881541700854",     "38.2843583054585",     "42.1813649130802",     "47.467416536468",      "54.1936857999011",     "58.1564476314824",     "",
"IDA", "IDA total",                                             "",                     "",                     "",                     "",                     "",                     "",                     "",                     "",                     "",                     "",                     "",                     "",                     "",                     "",                     "",                     "",                     "",                     "",                     "",                     "",                     "",                     "",                     "",                     "",                     "",                     "",                     "",                     "",                     "",                     "",                     "0",                    "0",                    "0",                    "5.67586160943437E-06", "0.000203830682570205", "0.000958919820567358", "0.00710871379328217",  "0.0212037054272765",   "0.0401289196575593",   "0.0786588495427369",   "0.166397072016145",    "0.391979946847692",    "0.736774552703198",    "1.31499340643457",     "1.72721776763593",     "2.21891677989603",     "2.9064221046199",      "3.66650656600209",     "4.10067895850976",     "4.82853223692192",     "5.90349062985561",     "6.76800587354559",     "7.90306706280386",     "9.33889492029588",     "11.8442930748988",     "14.1930727927621",     "17.3297834284384",     "20.0788523183779",     "23.2370730196411",     "26.5004819451927",     "30.5359485161424",     "34.9743237731516",     "",
"IDB", "IDA blend",                                             "",                     "",                     "",                     "",                     "",                     "",                     "",                     "",                     "",                     "",                     "",                     "",                     "",                     "",                     "",                     "",                     "",                     "",                     "",                     "",                     "",                     "",                     "",                     "",                     "",                     "",                     "",                     "",                     "",                     "",                     "0",                    "0",                    "0",                    "1.70914747735936E-05", "7.93879129639754E-05", "0.000805484258999381", "0.00709212038600417",  "0.0254592146061934",   "0.0431499209115174",   "0.0753420955296496",   "",                     "0.73926374644698",     "1.45667224165685",     "2.8012499545251",      "3.59492267336225",     "4.50970452353962",     "5.51705527552858",     "6.25819041579428",     "6.97327244220409",     "7.93000028481373",     "9.3239548038468",      "10.5320323708447",     "12.0701727435082",     "14.1397575260793",     "16.3891707929366",     "18.7759595665854",     "21.1661665211777",     "23.8518605514878",     "27.7540984576486",     "32.1763396897933",     "36.2098396953946",     "39.3407954014584",     "",
"IDX", "IDA only",                                              "",                     "",                     "",                     "",                     "",                     "",                     "",                     "",                     "",                     "",                     "",                     "",                     "",                     "",                     "",                     "",                     "",                     "",                     "",                     "",                     "",                     "",                     "",                     "",                     "",                     "",                     "",                     "",                     "",                     "",                     "0",                    "0",                    "0",                    "0",                    "0.000265747066503107", "0.00103540246950295",  "",                     "0.0187698981411099",   "0.0384483666748696",   "0.0803696990130313",   "0.149425562227229",    "0.216262261052851",    "0.371623684952799",    "0.559513592778798",    "0.777640679167043",    "1.04955502105013",     "1.5080951286198",      "2.35279124845036",     "2.55075322689787",     "3.1516464592581",      "4.02523789159058",     "4.72829242129932",     "5.64583687809397",     "6.77054332618893",     "9.46786670398138",     "11.8011728750772",     "15.4074316130424",     "18.1980179461823",     "20.8341014685981",     "23.565050801717",      "27.6089988477091",     "32.447262927779",      "",
"INX", "Not classified",                                        "",                     "",                     "",                     "",                     "",                     "",                     "",                     "",                     "",                     "",                     "",                     "",                     "",                     "",                     "",                     "",                     "",                     "",                     "",                     "",                     "",                     "",                     "",                     "",                     "",                     "",                     "",                     "",                     "",                     "",                     "",                     "",                     "",                     "",                     "",                     "",                     "",                     "",                     "",                     "",                     "",                     "",                     "",                     "",                     "",                     "",                     "",                     "",                     "",                     "",                     "",                     "",                     "",                     "",                     "",                     "",                     "",                     "",                     "",                     "",                     "",                     "",                     "",
"LAC", "Latin America & Caribbean (excluding high income)",     "",                     "",                     "",                     "",                     "",                     "",                     "",                     "",                     "",                     "",                     "",                     "",                     "",                     "",                     "",                     "",                     "",                     "",                     "",                     "",                     "",                     "",                     "",                     "",                     "",                     "",                     "",                     "",                     "",                     "",                     "0",                    "0.00246250233447245",  "0.00887612601571133",  "0.0190154295881403",   "0.0397146978397513",   "0.0934955071387608",   "0.287630412146769",    "0.575713484732804",    "1.13768849257186",     "1.8330911546948",      "3.35375778072142",     "5.06480369019646",     "8.48661942164373",     "10.8540029678684",     "14.164038913097",      "16.2680292032468",     "20.502279866484",      "23.3723049589891",     "25.9729285503837",     "30.3915355376346",     "34.0145528168315",     "38.6806781557277",     "42.2111392668873",     "45.1522649048478",     "47.7302169874854",     "53.3581292076205",     "56.4425206208319",     "59.3371016654244",     "62.7607863851765",     "68.0526445629684",     "73.4492316673034",     "75.5926170817201",     "",
"LCN", "Latin America & Caribbean",                             "",                     "",                     "",                     "",                     "",                     "",                     "",                     "",                     "",                     "",                     "",                     "",                     "",                     "",                     "",                     "",                     "",                     "",                     "",                     "",                     "",                     "",                     "",                     "",                     "",                     "",                     "",                     "",                     "",                     "",                     "0",                    "0.00221121646987196",  "0.00961699863718613",  "0.0211218291131688",   "0.0433053323836782",   "0.105574955046248",    "0.310107972255471",    "0.609109287931542",    "1.22927428974655",     "2.04883890093369",     "3.8756083069587",      "5.61778512725218",     "8.8465905032673",      "11.2630147022872",     "14.3986124340661",     "16.6146917584606",     "20.7562854043012",     "23.7329572098945",     "26.5418650022178",     "31.0708024816535",     "34.7354093492444",     "39.3707411450824",     "43.199846762631",      "46.2625460441271",     "48.8103323120648",     "54.4019898268643",     "57.5443577864994",     "60.2624333811661",     "63.6041522773285",     "68.7508095209664",     "73.9130158428023",     "76.158222967072",      "",
"LDC", "Least developed countries: UN classification",          "",                     "",                     "",                     "",                     "",                     "",                     "",                     "",                     "",                     "",                     "",                     "",                     "",                     "",                     "",                     "",                     "",                     "",                     "",                     "",                     "",                     "",                     "",                     "",                     "",                     "",                     "",                     "",                     "",                     "",                     "0",                    "0",                    "0",                    "0",                    "0.000103277011482071", "0.000342888176393685", "",                     "0.00865715710571046",  "0.0214234828910265",   "0.0583640495528627",   "0.0999375059934542",   "0.144726917371825",    "0.234528820450362",    "0.353430074637943",    "0.53677938916184",     "0.752717786272476",    "1.06929012315664",     "1.79065314364837",     "1.89513640171079",     "2.39720123341668",     "3.1086148563559",      "3.77490187694547",     "4.66834662404468",     "5.81303866802882",     "8.64132687070665",     "10.7336562177013",     "13.7115904277684",     "16.0161914013514",     "18.4960529187231",     "21.3811423148404",     "25.4639077117856",     "29.8007809391331",     "",
"LIC", "Low income",                                            "",                     "",                     "",                     "",                     "",                     "",                     "",                     "",                     "",                     "",                     "",                     "",                     "",                     "",                     "",                     "",                     "",                     "",                     "",                     "",                     "",                     "",                     "",                     "",                     "",                     "",                     "",                     "",                     "",                     "",                     "0",                    "0",                    "0",                    "0",                    "0",                    "0.000218600221886929", "0.00182099512499603",  "0.0101744972077006",   "0.0239085311647354",   "0.052656654858447",    "0.0787762125674839",   "0.120970594672192",    "0.289827768612154",    "0.419329518128126",    "0.579843960292014",    "0.863083514070311",    "1.13437674437108",     "2.14274255156741",     "2.11975597008506",     "2.77800515353334",     "3.4296773533493",      "3.90709591085986",     "4.74737357260818",     "5.50409122045338",     "7.12089971202439",     "9.07002826887622",     "10.857785612819",      "12.5371339775288",     "14.1552595574493",     "16.056665742265",      "18.7534518906154",     "19.9856952136064",     "",
"LMC", "Lower middle income",                                   "",                     "",                     "",                     "",                     "",                     "",                     "",                     "",                     "",                     "",                     "",                     "",                     "",                     "",                     "",                     "",                     "",                     "",                     "",                     "",                     "",                     "",                     "",                     "",                     "",                     "",                     "",                     "",                     "",                     "",                     "0",                    "0",                    "5.23964015295705E-05", "0.000153345556616791", "0.00139071264816987",  "0.0164113107887864",   "0.0354967441582187",   "0.0626393268272677",   "0.148602841878724",    "0.27242222322506",     "0.54291045259511",     "0.785131779938862",    "1.61851756632679",     "2.20361720234418",     "3.09295137165489",     "3.78396401858109",     "4.58470021117018",     "5.72409927590367",     "6.69100447124227",     "7.88850294840268",     "10.5303665329644",     "12.7373509656152",     "14.2397493039722",     "16.0977398756942",     "18.5188218761091",     "20.7854820473987",     "23.8092437923359",     "26.6973223611",        "29.8073212148878",     "36.3986560286186",     "45.3947527088652",     "49.0122054671253",     "",
"LMY", "Low & middle income",                                   "",                     "",                     "",                     "",                     "",                     "",                     "",                     "",                     "",                     "",                     "",                     "",                     "",                     "",                     "",                     "",                     "",                     "",                     "",                     "",                     "",                     "",                     "",                     "",                     "",                     "",                     "",                     "",                     "",                     "",                     "0",                    "0.00035548678357196",  "0.00124953350781689",  "0.00380472774480305",  "0.0103619326614323",   "0.0323938101799779",   "0.0774120502922747",   "0.15422211334463",     "0.343952557429888",    "0.6973388595318",      "1.41944715166935",     "2.01928073589914",     "3.41559045506974",     "4.47899968324168",     "5.74906516659865",     "6.7844317274437",      "8.32934880383778",     "10.865010178946",      "13.5670560247111",     "16.4104657052289",     "19.9180449699122",     "22.799149844062",      "25.2791580346727",     "27.3829833012761",     "29.7778733140848",     "32.4098177877271",     "35.1907088391709",     "37.7269981624196",     "41.7445987709",        "47.0679738121492",     "53.8486923587418",     "57.8136939662694",     "",
"LTE", "Late-demographic dividend",                             "",                     "",                     "",                     "",                     "",                     "",                     "",                     "",                     "",                     "",                     "",                     "",                     "",                     "",                     "",                     "",                     "",                     "",                     "",                     "",                     "",                     "",                     "",                     "",                     "",                     "",                     "",                     "",                     "",                     "",                     "0",                    "0.000549433862838157",  "0.0030356708427194"   "0.00875776522211895",  "0.0257962523133968",   "0.0566977457981863",   "0.141945645922855",    "0.27240310466115",     "0.634710524068945",    "1.27260587036424",     "2.477377755585",       "3.56735593324093",     "5.93000074041484",     "8.04910652797269",     "10.4041324855878",     "12.3105104229555",     "15.1656562705677",     "20.0017274584459",     "25.747295906447",      "31.7189972551065",     "36.6645467356039",     "40.8691856028227",     "45.086100974081",      "48.0297469598474",     "50.7479519215402",     "53.3728172916007",     "56.7837950899934",     "59.1763510943964",     "63.982815089107",      "68.3551299033388",     "73.6584122996258",     "76.6878024113947",     "77.7090656649876",
"MEA", "Middle East & North Africa",                            "",                     "",                     "",                     "",                     "",                     "",                     "",                     "",                     "",                     "",                     "",                     "",                     "",                     "",                     "",                     "",                     "",                     "",                     "",                     "",                     "",                     "",                     "",                     "",                     "",                     "",                     "",                     "",                     "",                     "",                     "0.00207254077112048",  "0.00402083314504837",  "0.00582024347525066",  "0.00825595330035451",  "0.0135111512086321",   "0.0317698780581613",   "0.0855682555655811",   "0.233500279876253",    "0.498478320200518",    "0.941980080601395",    "1.72761234076841",     "2.10762058723123",     "3.77705516201417",     "5.13450947269172",     "8.40927483363078",     "9.77581404056184",     "11.7905987459306",     "15.0748756272269",     "18.7818852111067",     "21.6531700453725",     "24.8581506710893",     "27.7700419898968",     "31.213209809802",      "35.1520914658839",     "40.0795625737973",     "44.3547505007779",     "48.4087646520921",     "54.8835348260038",     "60.2258384817381",     "67.3339172996132",     "72.7892574698932",     "77.3735345396755",     "",
"MNA", "Middle East & North Africa (excluding high income)",    "",                     "",                     "",                     "",                     "",                     "",                     "",                     "",                     "",                     "",                     "",                     "",                     "",                     "",                     "",                     "",                     "",                     "",                     "",                     "",                     "",                     "",                     "",                     "",                     "",                     "",                     "",                     "",                     "",                     "",                     "0",                    "0",                    "0",                    "0.000242605318778348", "0.00199441193805961",  "0.011323049428452",    "0.0268616967123388",   "0.0800187047906458",   "0.170264117237799",    "0.438810677556282",    "0.870391748984154",    "1.1573394727419",      "2.81857476208529",     "4.04197759041443",     "7.48520278495583",     "8.59491634162379",     "9.97440609949533",     "11.9728496802618",     "15.0892988905423",     "17.7877581876243",     "20.7171003243271",     "23.001539554732",      "25.9917922814774",     "29.6976203979222",     "34.7631527805877",     "39.0531534279351",     "43.1275616539071",     "48.6307007994428",     "54.2237870838703",     "62.2333761449135",     "68.3875779204055",     "73.4008135120552",     "",
"MIC", "Middle income",                                         "",                     "",                     "",                     "",                     "",                     "",                     "",                     "",                     "",                     "",                     "",                     "",                     "",                     "",                     "",                     "",                     "",                     "",                     "",                     "",                     "",                     "",                     "",                     "",                     "",                     "",                     "",                     "",                     "",                     "",                     "0",                    "0.000381094690327164", "0.00134072017088429",  "0.00408671314331793",  "0.0111399852053118",   "0.0348413189248046",   "0.0824797174586938",   "0.165166879885816",    "0.368472703861266",    "0.746700708718559",    "1.52810170338753",     "2.17564481083554",     "3.67720834316665",     "4.82395567823791",     "6.19421790527863",     "7.297869070112",       "8.90590500996604",     "11.6570781583802",     "14.5559510989034",     "17.6071743012188",     "21.3507309236306",     "24.5111355717892",     "27.1676842108564",     "29.4658203144832",     "31.8508366191859",     "34.5771431510436",     "37.6551160974045",     "40.3200633663227",     "44.3124019776671",     "50.1379283556115",     "57.391573443817",      "60.9014316011129",     "",
"NAC", "North America",                                         "",                     "",                     "",                     "",                     "",                     "",                     "",                     "",                     "",                     "",                     "",                     "",                     "",                     "",                     "",                     "",                     "",                     "",                     "",                     "",                     "",                     "",                     "",                     "",                     "",                     "",                     "",                     "",                     "",                     "",                     "0.742073243735228",    "1.10356116768175",     "1.64305568030262",     "2.16280954150505",     "4.61466600781748",     "8.73288618007381",     "15.4621295496354",     "20.9701083855867",     "29.581811690027",      "35.8826876173092",     "43.8846553103943",     "50.1695828638859",     "59.0591630866193",     "61.9412884922692",     "64.8748010131832",     "68.3289552761763",     "69.2709210086274",     "74.8236553390663",     "74.2661395302531",     "71.9153348849765",     "72.5393948181711",     "71.0407485312046",     "75.5224020505971",     "72.8285798817087",     "74.4025684229669",     "76.0897390827157",     "86.1046615931719",     "87.8181718445366",     "89.1149711639375",     "89.6808050999081",     "90.7906948436444",     "91.8631322651679",     "",
"OED", "OECD members",                                          "",                     "",                     "",                     "",                     "",                     "",                     "",                     "",                     "",                     "",                     "",                     "",                     "",                     "",                     "",                     "",                     "",                     "",                     "",                     "",                     "",                     "",                     "",                     "",                     "",                     "",                     "",                     "",                     "",                     "",                     "0.234459168180993",    "0.378398524050121",    "0.595669627066591",    "0.845864683299273",    "1.71005678495018",     "3.22328955556527",     "5.89657620588731",     "9.23330736375979",     "13.8317435050697",     "19.9824298989794",     "26.977549284915",      "32.3282793724703",     "40.2291328434299",     "44.3748736469167",     "49.0693046315525",     "52.6320101108423",     "55.1843710640448",     "60.4995607291072",     "62.6217643735992",     "64.150364802876",      "66.5616360115299",     "67.5416961974207",     "70.1931882086105",     "71.529156133675",      "73.1352703768472",     "75.678338922766",      "79.8591168820483",     "80.5102852474432",     "82.3916492310369",     "84.7769259893362",     "86.202730297753",      "87.3872008287036",     "",
"OSS", "Other small states",                                    "",                     "",                     "",                     "",                     "",                     "",                     "",                     "",                     "",                     "",                     "",                     "",                     "",                     "",                     "",                     "",                     "",                     "",                     "",                     "",                     "",                     "",                     "",                     "",                     "",                     "",                     "",                     "",                     "",                     "",                     "0",                    "0.00745808201102459",  "0.0299590990496142",   "0.0657637227585629",   "0.194588177578796",    "0.435132191283763",    "0.845440586154307",    "1.45436612892865",     "2.49195145256516",     "3.2994313289233",      "5.31221054704077",     "6.55546479948952",     "8.49213012572678",     "9.77761812828775",     "11.4875311595228",     "12.7510733874847",     "14.1358978965896",     "15.975660220386",      "18.558521470283",      "20.4774723386441",     "23.8517621013314",     "27.2476416266817",     "30.5085882958987",     "35.4039987930709",     "39.422868378582",      "43.3716923471294",     "47.3771914478235",     "51.2720753504632",     "58.1751259103215",     "60.2242378204339",     "62.9561664522791",     "65.6681685051207",     "",
"PRE", "Pre-demographic dividend",                              "",                     "",                     "",                     "",                     "",                     "",                     "",                     "",                     "",                     "",                     "",                     "",                     "",                     "",                     "",                     "",                     "",                     "",                     "",                     "",                     "",                     "",                     "",                     "",                     "",                     "",                     "",                     "",                     "",                     "",                     "0",                    "0",                    "0",                    "0",                    "0.000126136358029008", "0.000377490072541013", "0.00487431196990747",  "0.0140708305362041",   "0.0288824112538799",   "0.07413610007805",     "0.124009808614737",    "0.187167964364056",    "0.361293882390239",    "0.64065707844696",     "0.96706262585864",     "1.68796379640438",     "2.40087470688808",     "3.16928297380405",     "3.40978199662417",     "4.01929729598228",     "5.03160260649462",     "6.08135442664282",     "7.32211829825724",     "8.81810366428969",     "10.9052445728192",     "12.8868725637569",     "15.9076820863645",     "18.8202929515766",     "22.6731616873014",     "26.0474686567813",     "30.3722325314593",     "35.1730829175255",     "",
"PSS", "Pacific island small states",                           "",                     "",                     "",                     "",                     "",                     "",                     "",                     "",                     "",                     "",                     "",                     "",                     "",                     "",                     "",                     "",                     "",                     "",                     "",                     "",                     "",                     "",                     "",                     "",                     "",                     "",                     "",                     "",                     "",                     "",                     "0",                    "0",                    "0",                    "0.0028538027833535",   "0.00334349739918022",  "0.0152563877044405",   "0.132181306345431",    "0.285948065314149",    "0.611475105390706",    "0.869306093073965",    "1.4567183606461",      "1.88046779296674",     "4.00181686896389",     "4.56452278663028",     "5.19942823962981",     "5.63056249809157",     "6.55227336218834",     "7.44721913127485",     "8.73199965910969",     "10.9042809659244",     "12.9845872520815",     "17.6429539856988",     "20.6880193209782",     "21.9648244991384",     "24.6382986022511",     "27.8871235790206",     "31.942898513633",     "40.5441318037434",      "",                     "55.0301020420415",     "61.1660593404278",     "65.2370855292137",     "",
"PST", "Post-demographic dividend",                             "",                     "",                     "",                     "",                     "",                     "",                     "",                     "",                     "",                     "",                     "",                     "",                     "",                     "",                     "",                     "",                     "",                     "",                     "",                     "",                     "",                     "",                     "",                     "",                     "",                     "",                     "",                     "",                     "",                     "",                     "0.268184008278379",    "0.433871053269367",    "0.686176732116044",    "0.974165326848734",    "1.96528213048917",     "3.70828409584275",     "6.80185780427062",     "10.6511348518541",     "15.8764996502362",     "22.8970916477078",     "30.5391674566413",     "36.6397357542189",     "44.6878224739004",     "49.7834196514628",     "54.9729518709837",     "58.5016687047896",     "60.4356553479475",     "65.678878607445",      "67.6688864116142",     "68.8882551686762",     "70.9817321029504",     "71.3990681585279",     "74.2081242577465",     "75.6969819554253",     "77.3696289268783",     "78.6799700498259",     "83.1812572109828",     "84.4115490599948",     "85.9799355897481",     "87.4699228389831",     "88.6226626949204",     "89.2868474051948",     "",
"SAS", "South Asia",                                            "",                     "",                     "",                     "",                     "",                     "",                     "",                     "",                     "",                     "",                     "",                     "",                     "",                     "",                     "",                     "",                     "",                     "",                     "",                     "",                     "",                     "",                     "",                     "",                     "",                     "",                     "",                     "",                     "",                     "",                     "0",                    "0",                    "8.47207838687609E-05", "0.000165773394396934", "0.000851278280873439", "0.0199772666301139",   "0.0405637481805442",   "0.0600382436706591",   "0.116990401523534",    "0.226072840294976",    "0.475420661844925",    "0.67068291101365",     "1.47690181466886",     "1.87425117307681",     "2.22430759837525",     "2.58691677115274",     "3.02063649719987",     "4.00762401449404",     "4.43226331913669",     "5.14247314120649",     "7.1692075913464",      "9.22073937359425",     "10.0980444993938",     "11.3030458223026",     "12.8305507094651",     "14.1987495019925",     "16.2037129165709",     "18.0122216824921",     "20.2264589070199",     "27.9903611896852",     "38.9761226897041",     "42.587264666832",      "",
"SSA", "Sub-Saharan Africa (excluding high income)",            "",                     "",                     "",                     "",                     "",                     "",                     "",                     "",                     "",                     "",                     "",                     "",                     "",                     "",                     "",                     "",                     "",                     "",                     "",                     "",                     "",                     "",                     "",                     "",                     "",                     "",                     "",                     "",                     "",                     "",                     "0",                    "0.00103353108232207",  "0.00300645429140844", "0.00872565599783131",   "0.0189140474858541",   "0.0516269095580683",   "0.072239921157922",    "0.134945763092731",    "0.24444651395623",     "0.373264209407416",    "0.51608145917158",     "0.655311985260344",    "0.837585115247032",    "1.11326183139986",     "1.49265011420369",     "2.0132204805788",      "2.65532577778128",     "3.3661405682563",      "3.66493829912678",     "4.31299810023942",     "6.13405945063333",     "7.59275285086043",     "9.2808102353621",      "11.1552596965179",     "13.3650541796102",     "16.0077986869433",     "18.6326338422342",     "21.2666441044274",     "24.8207955605029",     "27.7604633451257",     "31.8202099118751",     "35.8572855101176",     "",
"SSF", "Sub-Saharan Africa",                                    "",                     "",                     "",                     "",                     "",                     "",                     "",                     "",                     "",                     "",                     "",                     "",                     "",                     "",                     "",                     "",                     "",                     "",                     "",                     "",                     "",                     "",                     "",                     "",                     "",                     "",                     "",                     "",                     "",                     "",                     "0",                    "0.00103339006294407",  "0.00300605109319489", "0.00872450649445177",   "0.0189115927178311",   "0.0516203035316193",   "0.0723178856418829",   "0.135088535529205",    "0.244727114553212",    "0.373976532861205",    "0.516909537706238",    "0.656544940051198",    "0.839168617392893",    "1.11483294800094",     "1.49527027233515",     "2.01588847155429",     "2.65915703173474",     "3.36999838568923",     "3.669101868449",       "4.31299810023941",     "6.13796784399575",     "7.59663525203002",     "9.28488742007677",     "11.1593890969573",     "13.3689854263355",     "16.0117099299336",     "18.6363083075504",     "21.2702329020095",     "24.8252701975894",     "27.7649223441986",     "31.8242895064697",     "35.8617387329346",     "",
"SST", "Small states",                                          "",                     "",                     "",                     "",                     "",                     "",                     "",                     "",                     "",                     "",                     "",                     "",                     "",                     "",                     "",                     "",                     "",                     "",                     "",                     "",                     "",                     "",                     "",                     "",                     "",                     "",                     "",                     "",                     "",                     "",                     "0",                    "0.00513594306910263",  "0.0206927877370096",  "0.0457314303766751",    "0.138748567059046",    "0.343854478460343",    "0.71458639350455",     "1.24126856541821",     "2.22792775916275",     "3.05343308025286",     "4.79832718514821",     "6.31201276544655",     "8.67746974856235",     "10.2246088990241",     "11.9130883536362",     "13.3864099834775",     "15.0415428441469",     "17.1744025157816",     "19.7724364436029",     "22.1449961910107",     "25.4683532812363",     "29.5741191513317",     "32.2358948877526",     "36.4194353921808",     "40.2043424032662",     "43.7717254007368",     "47.4698158396443",     "51.9021460547972",     "59.3202693782125",     "62.3039807098951",     "65.5084981405254",     "68.2178811901806",     "",
"TEA", "East Asia & Pacific (IDA & IBRD countries)",            "",                     "",                     "",                     "",                     "",                     "",                     "",                     "",                     "",                     "",                     "",                     "",                     "",                     "",                     "",                     "",                     "",                     "",                     "",                     "",                     "",                     "",                     "",                     "",                     "",                     "",                     "",                     "",                     "",                     "",                     "0",                    "1.8024948232561E-06",  "2.36745293990459E-05", "0.000886395214654447", "0.00369290931439659",  "0.0120766559468346",   "0.0338077118690688",   "0.0959866028300416",   "0.328631508382432",    "0.864039264095181",    "1.91735171674583",     "2.81515384761642",     "4.45901842619512",     "5.82819761367453",     "6.96321551491921",     "8.42001224035933",     "10.297524743406",      "14.5495856391645",     "19.4736751392307",     "24.0220802784506",     "29.2810420774095",     "32.7444260742306",     "36.1383467724071",     "38.7347318202187",     "41.1713473674279",     "44.1188770145273",     "47.6528246167361",     "50.056979390688",      "55.7539557312295",     "60.2235328543468",     "66.1713574946582",     "70.2887522977334",     "75.2985288954391",
"TEC", "Europe & Central Asia (IDA & IBRD countries)",          "",                     "",                     "",                     "",                     "",                     "",                     "",                     "",                     "",                     "",                     "",                     "",                     "",                     "",                     "",                     "",                     "",                     "",                     "",                     "",                     "",                     "",                     "",                     "",                     "",                     "",                     "",                     "",                     "",                     "",                     "0",                    "0.000472386045460879", "0.00493506962730956",  "0.0189748332121404",   "0.0671962144495823",   "0.139804192040064",    "0.298718443413076",    "0.535307742765141",    "1.01751089946996",     "1.5292879792585",      "2.49890467085291",     "3.60470064928487",     "6.61026813946281",     "9.12232175199336",     "12.9250947066374",     "15.0176218643343",     "17.80240609988",       "23.0267435544169",     "28.3021224398018",     "34.7986628818817",     "40.0456621497032",     "45.413967909154",      "50.7225669260853",     "53.5578011067469",     "57.5597530689218",     "59.3850310123345",     "63.2978602831575",     "67.0101078043304",     "73.1000432935342",     "77.058319963708",      "80.101387193744",      "83.7383704910538",     "85.1977004501427",
"TLA", "Latin America & the Caribbean (IDA & IBRD countries)",  "",                     "",                     "",                     "",                     "",                     "",                     "",                     "",                     "",                     "",                     "",                     "",                     "",                     "",                     "",                     "",                     "",                     "",                     "",                     "",                     "",                     "",                     "",                     "",                     "",                     "",                     "",                     "",                     "",                     "",                     "0",                    "0.00228779502523589",  "0.00994651733464411",  "0.0218374125873942",   "0.0443263171377361",   "0.106473583297672",    "0.314527848627125",    "0.61391698904408",     "1.23802915001661",     "2.05911716003206",     "3.8920368142382",      "5.62958404250136",     "8.86988667735401",     "11.3046950237852",     "14.4424949701163",     "16.6811807513414",     "20.8961573983554",     "23.9263463849827",     "26.7107845204034",     "31.3098323080283",     "35.0107408710401",     "39.7339541927902",     "43.4241581824147",     "46.4372975467738",     "49.0243584986515",     "54.6361547348161",     "57.7165560465349",     "60.2383934478557",     "63.5591042793063",     "68.6947401595784",     "73.948687268556",      "76.1885256148171",     "",
"TMN", "Middle East & North Africa (IDA & IBRD countries)",     "",                     "",                     "",                     "",                     "",                     "",                     "",                     "",                     "",                     "",                     "",                     "",                     "",                     "",                     "",                     "",                     "",                     "",                     "",                     "",                     "",                     "",                     "",                     "",                     "",                     "",                     "",                     "",                     "",                     "",                     "0",                    "0",                    "0",                    "0.000244978222058689", "0.00201440534015163",  "0.0114393864328193",   "0.0268616967123388",   "0.0800187047906458",   "0.170264117237799",    "0.438810677556282",    "0.867364674971887",    "1.14949572990155",     "2.81531473224846",     "4.04095061651503",     "7.52090877347345",     "8.50901699757936",     "9.87618685764953",     "11.8649887154913",     "14.9798498375452",     "17.6160477341051",     "20.5177527974921",     "22.7845737152383",     "25.7821137395735",     "29.4936729415444",     "34.5347066716139",     "38.8357626359332",     "42.9199062589646",     "48.44783980914",       "54.0850288300426",     "62.1181328821376",     "68.2819951963335",     "73.2758714240707",     "",
"TSA", "South Asia (IDA & IBRD)",                               "",                     "",                     "",                     "",                     "",                     "",                     "",                     "",                     "",                     "",                     "",                     "",                     "",                     "",                     "",                     "",                     "",                     "",                     "",                     "",                     "",                     "",                     "",                     "",                     "",                     "",                     "",                     "",                     "",                     "",                     "0",                    "0",                    "8.47207838687609E-05", "0.000165773394396934", "0.000851278280873439", "0.0199772666301139",   "0.0405637481805442",   "0.0600382436706591",   "0.116990401523534",    "0.226072840294976",    "0.475420661844925",    "0.67068291101365",     "1.47690181466886",     "1.87425117307681",     "2.22430759837525",     "2.58691677115274",     "3.02063649719987",     "4.00762401449404",     "4.43226331913669",     "5.14247314120649",     "7.16920759134639",     "9.22073937359425",     "10.0980444993938",     "11.3030458223026",     "12.8305507094651",     "14.1987495019925",     "16.2037129165709",     "18.0122216824921",     "20.2264589070199",     "27.9903611896852",     "38.9761226897041",     "42.587264666832",      "",
"TSS", "Sub-Saharan Africa (IDA & IBRD countries)",             "",                     "",                     "",                     "",                     "",                     "",                     "",                     "",                     "",                     "",                     "",                     "",                     "",                     "",                     "",                     "",                     "",                     "",                     "",                     "",                     "",                     "",                     "",                     "",                     "",                     "",                     "",                     "",                     "",                     "",                     "0",                    "0.00103339006294407",  "0.00300605109319489",  "0.00872450649445177",  "0.0189115927178311",   "0.0516203035316193",   "0.0723178856418828",   "0.135088535529205",    "0.244727114553212",    "0.373976532861205",    "0.516909537706239",    "0.656544940051198",    "0.839168617392893",    "1.11483294800094",     "1.49527027233515",     "2.01588847155429",     "2.65915703173474",     "3.36999838568923",     "3.669101868449",       "4.31299810023941",     "6.13796784399575",     "7.59663525203002",     "9.28488742007677",     "11.1593890969573",     "13.3689854263355",     "16.0117099299336",     "18.6363083075504",     "21.2702329020095",     "24.8252701975894",     "27.7649223441986",     "31.8242895064697",     "35.8617387329346",     "",
"UMC", "Upper middle income",                                   "",                     "",                     "",                     "",                     "",                     "",                     "",                     "",                     "",                     "",                     "",                     "",                     "",                     "",                     "",                     "",                     "",                     "",                     "",                     "",                     "",                     "",                     "",                     "",                     "",                     "",                     "",                     "",                     "",                     "",                     "0",                    "0.000714605030365147", "0.00247830998973357",  "0.00759128008265543",  "0.0199074102823008",   "0.0515748983823701",   "0.121833086764281",    "0.258367106201605",    "0.572192215928892",    "1.19954303051395",     "2.39331538440819",     "3.51520738824091",     "5.68055058511595",     "7.41568211143194",     "9.27827430018105",     "10.8143706580341",     "13.251430133901",      "17.6818890357646",     "22.5437093982736",     "27.5534189302601",     "32.5114999014179",     "36.7519903556915",     "40.7059230585659",     "43.5634122580291",     "46.1066431020146",     "49.4666579151593",     "52.7127167121665",     "55.2326225286102",     "60.1450292315003",     "65.3798011755797",     "70.8163216402756",     "74.3289906100026",     "76.3925728169767",
"WLD", "World",                                                 "",                     "",                     "",                     "",                     "",                     "",                     "",                     "",                     "",                     "",                     "",                     "",                     "",                     "",                     "",                     "",                     "",                     "",                     "",                     "",                     "",                     "",                     "",                     "",                     "",                     "",                     "",                     "",                     "",                     "",                     "0.0488246930836708",   "0.078810516480602",    "0.125186329068216",    "0.179006679561227",    "0.360508148999431",    "0.6830820605321",      "1.32656715777098",     "2.04269705765004",     "3.14057959772322",     "4.63290278425647",     "6.74371951164793",     "8.05355597290396",     "10.5185284204174",     "12.195854587379",      "14.0818185720611",     "15.6746614701687",     "17.4264207150172",     "20.3545368455848",     "23.0068355018592",     "25.560005264161",      "28.7976530775359",     "31.2119650923936",     "33.7133614270398",     "35.6492575186719",     "37.8807809660353",     "40.2700586394911",     "43.2159802414783",     "45.5430731807617",     "49.1575632107554",     "53.7488843666031",     "59.5691384357893",     "63.0713482972497",     "",